,-2.4754,-0.035747
0,-0.9514,-0.16965999999999998
1,2.3975,0.51745
2,-2.0225,0.22973000000000002
3,1.8019,1.2472
4,-2.0398,-0.28304
5,-1.5466,-0.6290399999999999
6,-0.43704,-3.8234
7,-0.31183,-0.77241
8,-0.07435900000000001,0.56123
9,2.3297,2.2477
10,-2.1905,-0.40607
11,-0.8276,1.0672
12,0.72937,1.7489
13,3.5541,-0.42505
14,-0.46846000000000004,-3.2126
15,-0.7233,-2.1601
16,2.0556,-1.2905
17,-2.2422,-0.19699
18,-2.6681,1.1973
19,-0.41894,-1.7967
20,-0.16657,1.5131
21,0.34055,-1.0708
22,-2.3805,1.5348
23,0.46574,1.7331
24,1.8757,3.1754
25,1.7462,3.4642
26,1.6828,0.84203
27,-0.6298199999999999,3.9136
28,-1.9015,-2.4002
29,1.2869,1.1088
30,-3.3135,-1.4021
31,-2.0688,0.24693
32,3.2642,0.49273
33,1.8419999999999999,1.9076
34,-0.59528,2.3969
35,2.6808,-0.66137
36,-3.4368,-0.71944
37,1.5908,-0.50517
38,0.60151,-1.1340000000000001
39,-1.5959999999999999,-1.5347
40,1.9968,-0.7613800000000001
41,-1.0042,-2.2499
42,0.17098,-2.8415
43,0.43023999999999996,2.2957
44,-1.7819999999999998,0.053657
45,-1.177,-2.6737
46,3.2524,1.1794
47,3.8488,2.0671
48,0.7784300000000001,0.75584
49,-1.3138,-0.54952
50,1.7912,-1.7426
51,0.42312,-1.9934
52,1.4093,-2.6816
53,1.7576,1.6512
54,0.97241,-1.3847
55,1.0124,1.5883
56,-0.9817600000000001,-2.0166
57,2.3989,0.87513
58,2.5641,0.53432
59,-0.58524,-0.22908
60,1.9801,-1.0405
61,1.1235,-2.5917
62,-0.4293,-1.4667
63,0.67261,1.6881
64,0.23346,-0.15175
65,2.202,-0.26554
66,-0.14372000000000001,0.30146999999999996
67,-0.8587600000000001,3.2738
68,-2.3483,-0.8665299999999999
69,1.8209,2.4795
70,0.23331,-2.1508
71,1.3519,-0.23173000000000002
72,-2.2509,-0.66198
73,1.8884,1.2912
74,-1.7447,-3.7103
75,1.7862,-0.33421
76,-0.57075,-2.4428
77,0.18574000000000002,-0.24741
78,0.78651,-0.30482
79,2.1594,-2.3949
80,-0.12469000000000001,-0.6454
81,-2.7005,-0.65125
82,-1.5522,0.19055999999999998
83,0.95583,1.5972
84,-0.14047,-1.9901
85,-1.7687,-2.189
86,-2.3845,-3.0978
87,1.3163,-1.2924
88,-0.87066,-2.2642
89,-3.358,-1.6075
90,1.4635,4.0526
91,1.8369,-0.0026544
92,-0.9616,-2.1638
93,-2.0413,-2.4294
94,0.36262,1.5346
95,1.2188,0.52969
96,2.3511,0.8253799999999999
97,-1.8209,1.7387
98,-0.66354,-1.9159
99,-2.424,0.8223299999999999
100,0.10768,2.3182
101,3.7429,-1.1827
102,-0.1214,-2.3346
103,-0.41568,-1.023
104,1.1306,1.742
105,2.2972,-1.5643
106,0.96196,0.80253
107,-1.8469,0.74226
108,1.5591,-0.88455
109,1.5247,1.4361
110,-2.3427,-2.0346
111,2.231,-1.6139
112,0.9324,-0.46118000000000003
113,-0.59304,1.9491
114,-2.4291,1.7027
115,2.4959,-1.0872
116,0.5828399999999999,-1.9696
117,2.3929,0.74574
118,1.3878,-0.24543
119,-0.78657,3.0383
120,5.1037,0.58823
121,1.0767,0.11467999999999999
122,1.4352,2.1508
123,0.83386,-0.81647
124,-0.92405,0.6856800000000001
125,-0.14019,2.1284
126,1.0775,-2.1494
127,1.6555,-2.8667
128,2.1478,-1.4902
129,-3.0514,-0.18336
130,-0.15855999999999998,1.8376
131,3.2249,1.064
132,-1.6668,0.83026
133,-2.735,1.2358
134,2.3480000000000003,-0.058457
135,0.9069799999999999,-0.43526000000000004
136,2.1737,1.1065
137,1.544,-1.969
138,0.94384,-3.0498
139,-1.4926,0.13475
140,1.1849,-0.38494
141,2.8523,0.62148
142,-2.3047,0.045698
143,-3.9992,-0.13168
144,1.276,0.70627
145,-0.70089,2.3899
146,-0.27023,-0.36199000000000003
147,1.5482,0.57368
148,-3.2386,-0.71513
149,-1.9308,0.2598
150,1.9821,-0.78375
151,2.0297,2.4313
152,2.0233,0.94242
153,0.44,-2.63
154,1.6828,0.38664
155,-0.9570000000000001,-1.6436
156,1.514,-1.2972
157,-1.7735,-1.1358
158,-2.6986,-2.5528
159,-2.0486,0.8443299999999999
160,2.3887,-0.31844
161,0.89994,0.12226
162,0.17365,2.6823
163,2.4594,-0.81794
164,-0.23781999999999998,2.0221
165,-1.5593,-0.298
166,1.8606,2.9849
167,0.9978799999999999,1.9682
168,0.7309,0.9724
169,0.29234,-1.8097
170,0.71028,4.0115
171,-1.5711,0.037425
172,-1.4786,1.0996
173,-1.5321,0.77656
174,2.2217,1.1727
175,2.0366,-1.3258
176,-0.025146,1.5352
177,-1.0315,1.5535
178,-3.1179,-2.5955
179,2.7495,-1.5259
180,0.18873,4.7595
181,-1.8065,-1.4457
182,-2.285,1.1414
183,0.17024,-0.5628
184,0.011442,2.0129
185,-0.7315,-2.0269999999999997
186,1.9985,-1.3777
187,1.4888,1.8978
188,-0.24933000000000002,-1.7179
189,1.9895,-0.31976
190,0.96795,1.4991
191,1.7329,-2.0755
192,0.9975200000000001,3.135
193,0.17260999999999999,2.8331
194,1.8643,0.15644
195,2.6278,0.81626
196,0.32326,2.3029
197,-1.3371,0.5605899999999999
198,1.3082,-1.4279
199,0.8522,-2.7803
200,-3.6814,-1.1486
201,1.4716,-3.4742
202,-3.6124,-1.0064
203,-0.94099,-3.1409
204,-2.0071,1.8126
205,-0.84549,2.0458
206,-0.31868,-3.5606
207,-0.13387000000000002,1.5939
208,-0.62925,3.2213
209,1.4404,-0.79693
210,0.3663,-1.8953
211,-1.4578,-0.21244000000000002
212,-2.4801,0.83759
213,0.1121,-0.8433
214,2.4206,-0.30428
215,0.48545,-1.0975
216,-2.0109,-0.2149
217,-2.0473,-0.7916300000000001
218,-0.9832799999999999,-2.5705
219,0.8890299999999999,-0.052192999999999996
220,5.2342,-0.9779
221,-1.5694,-2.2824
222,3.0522,-0.79575
223,-1.4908,1.1506
224,1.3661,-1.0409
225,-1.0689,-0.23315
226,0.30853,2.5756
227,2.8480000000000003,-1.1587
228,0.5996100000000001,-2.6638
229,0.2203,0.40104
230,-0.9093700000000001,1.3949
231,1.5166,2.0346
232,2.6483,-0.9332
233,0.54808,-2.5358
234,3.4391,0.74651
235,-0.065219,0.8538
236,0.65427,-0.41271
237,0.11415,1.4075
238,2.4017,-1.5235
239,-1.3973,-1.1746
240,-2.9388,0.9206200000000001
241,-2.4013,1.8233
242,0.80611,-1.175
243,-0.019278999999999998,-0.23506
244,-0.38974000000000003,-3.063
245,4.0137,-1.67
246,0.27416999999999997,-2.0111
247,1.6851,1.632
248,0.075334,-1.0967
249,1.777,-1.0079
250,0.068938,0.725
251,-1.4268,0.98136
252,0.8371700000000001,-1.9953
253,0.04904,-3.452
254,-1.8125,0.94681
255,-2.4729,-1.3485
256,-0.70273,-0.39163000000000003
257,-2.4342,-0.85954
258,3.4461,0.9369700000000001
259,0.011581000000000001,1.0694
260,-1.7641,-1.6159999999999999
261,1.5096,-3.4502
262,-3.1959,-0.80596
263,-1.2773,-2.7185
264,1.2835,-0.9970700000000001
265,-1.4565,-2.1755
266,-3.3007,-1.0011
267,-2.4981,1.5333
268,4.0442,-3.4162
269,-1.3099,1.2429999999999999
270,-0.32544,2.0924
271,1.8706,-0.93165
272,0.18861,4.29
273,-1.5488,-2.9086
274,-0.54368,1.4464
275,1.5715,2.1446
276,-0.78164,1.6315
277,2.1615,0.13409000000000001
278,2.3341,0.27981999999999996
279,2.355,-1.0387
280,-0.47301000000000004,1.6203
281,-1.1097,1.8591
282,0.50634,-2.0758
283,-0.56465,1.1261
284,1.7097,0.53738
285,-2.3805,1.4805
286,-1.3756,-1.6472
287,1.5558,2.839
288,0.1726,-2.0754
289,-0.78899,1.2825
290,-1.7487,-2.1352
291,-1.3281,2.469
292,1.5148,1.0901
293,-1.7637,2.1044
294,-2.155,3.8223
295,2.1789,-0.083018
296,3.0519,1.776
297,-0.18563,-1.8022
298,1.6434,-1.2377
299,2.1882,1.4903
300,0.7873100000000001,2.13
301,2.9517,2.0348
302,2.0527,2.057
303,-1.7403,-0.24591999999999997
304,1.723,0.65927
305,-1.3225,-0.20312
306,-0.6754100000000001,-1.6835
307,-3.7938,0.71208
308,0.63117,1.2499
309,-0.67389,-1.1298
310,-2.1316,0.9184
311,-1.9086,-1.3757
312,2.8832,-2.1599
313,-0.066566,2.9751
314,-2.5629,-0.62028
315,-0.5645399999999999,-2.4327
316,-0.9585299999999999,-1.3309
317,1.5336,1.8319999999999999
318,-0.78596,2.089
319,1.5632,1.6441
320,-0.10127,0.8986299999999999
321,1.8283,-2.7569
322,-1.0632,1.9509999999999998
323,1.8756,-0.76218
324,2.0554,-1.8197
325,-0.5131,-2.0555
326,0.14949,-1.9862
327,-2.4534,-0.86535
328,-1.0823,-2.5096
329,0.59911,0.55614
330,1.9629,2.1248
331,-2.5026,-1.7111
332,0.059003,-0.10228
333,-0.73643,-0.9277799999999999
334,1.6492,2.4424
335,0.33276,-1.7089
336,-0.18605,1.7704
337,-0.21511999999999998,-0.9306700000000001
338,-0.35629,2.9927
339,0.5606399999999999,1.0034
340,-1.1301,0.27169
341,1.5766,1.1804
342,-1.4385,-0.59002
343,2.2963,-2.7189
344,2.1652,-3.1956
345,-0.7995800000000001,-4.5537
346,-2.5588,-4.8818
347,1.3178,2.14
348,3.2826,0.39246
349,-3.4859,1.1253
350,-1.3647,2.4874
351,4.5684,0.076236
352,-1.805,4.1204
353,-0.5978600000000001,4.0484
354,-4.1054,1.4637
355,2.4292,3.1956
356,5.8794,-3.0064
357,-0.28596,4.4564
358,-3.4209,1.9074
359,-2.7569999999999997,-2.129
360,5.3303,0.54547
361,4.0091,-1.3969999999999998
362,6.3937,0.75293
363,4.6843,-1.8288
364,-1.2667,-3.9109
365,-5.0543,2.5774
366,6.3805,-1.9113
367,-3.0632,-0.68875
368,-0.85775,-4.8979
369,4.6095,-2.8161
370,4.8863,0.95109
371,-3.3509,2.2879
372,4.5317,1.9812
373,1.916,2.741
374,5.4243,2.2361
375,-1.3628,5.0674
376,-4.7415,-2.037
377,-5.4335,3.7658
378,1.4315,-3.1502
379,4.4889,0.50474
380,3.6614,-1.7136
381,3.3938,2.5351
382,-2.8475,-4.157
383,0.090173,5.2235
384,0.37692,-4.7886
385,1.442,5.1217
386,-1.3609,-4.2188
387,1.0521,2.7555
388,4.007,2.3259
389,-5.5874,2.7258
390,4.6893,-0.20252
391,-3.7926,1.63
392,-3.3789999999999996,2.4899
393,2.8101,-3.3147
394,0.6937,0.58029
395,-1.5735,4.1429
396,1.8899,-4.2452
397,4.582,0.9791799999999999
398,-2.2184,-0.44373999999999997
399,-4.7628,1.3874
400,3.1786,-1.8319
401,-0.8278399999999999,3.4329
402,2.3854,2.9414
403,-1.3905,3.2635
404,-0.98303,4.2287
405,2.2822,1.7094
406,-2.137,-2.1369
407,-2.5142,-2.9561
408,0.36696999999999996,-5.5942
409,-1.2407,-4.2405
410,-1.8519999999999999,1.338
411,4.8427,-5.2268
412,-2.5976,-1.0558
413,-3.5691,-3.3283
414,0.46335,3.1942
415,-3.2959,1.8797
416,3.6212,-3.9152
417,1.36,2.6868
418,3.7771,0.83337
419,0.60477,4.3704
420,0.96478,-4.6429
421,3.5537,2.3732
422,0.033358,-4.4169
423,-2.3149,-4.2203
424,-0.7683,-4.0087
425,4.9517,2.5652
426,-2.151,-2.6143
427,1.013,2.5068
428,-3.5503,-4.3617
429,1.794,-1.5045
430,2.7217,-2.8861
431,-4.6503,0.2417
432,-1.0112,3.7922
433,-3.0548,-4.4656
434,-4.1771,1.1517
435,-1.6621,3.3696
436,1.3559,-0.38373
437,1.4738,-3.5264
438,3.4354,0.67601
439,3.505,2.2836
440,-2.347,3.1122
441,1.2151,1.1889
442,-3.9088,0.80488
443,2.9449,-3.2289
444,3.2568,3.8685
445,4.5145,1.0145
446,1.4725,-3.2341
447,1.2862,5.4298
448,-3.6338,-1.1611
449,-3.6888,-0.22482
450,2.9146,-3.9926
451,1.6424,3.736
452,-2.7258,-3.7703
453,3.0053,-1.8647
454,-1.8412,-1.9351
455,-2.8523,-2.0702
456,2.4295,3.2738
457,0.54291,-2.8534
458,1.3834,-2.6775
459,-2.9556,-2.9129
460,3.609,4.3767
461,3.1515,4.9625
462,-1.9559,2.7954
463,-3.6075,-3.0353
464,-0.33388,4.2286
465,4.2405,-0.71516
466,0.10054,4.9223
467,3.1822,1.5796
468,2.6637,-2.4189
469,-3.5396,0.86855
470,3.6811,1.3809
471,1.4954,1.5874
472,1.7871,1.5607
473,-2.4379,-3.4084
474,-1.7433,0.68474
475,2.1457,2.0673
476,4.6418,0.28665
477,3.6967,0.63443
478,3.9744,-3.1462
479,-3.1596,0.9401
480,1.743,-4.1447
481,4.2438,-1.6356
482,-4.216,-3.6417
483,-0.55066,3.1672
484,-0.068909,-3.6635
485,2.2522,3.5581
486,4.3107,1.7632
487,3.7502,-1.62
488,3.65,-2.6403
489,-1.2574,-3.6681
490,-2.6996,3.6622
491,-3.2544,-2.727
492,-1.8811,3.1279
493,4.2767,-0.70026
494,-3.7317,-3.1319999999999997
495,1.0165,3.0725
496,4.7629,-1.8976
497,2.2212,2.4588
498,5.5266,-0.80156
499,1.9318,3.2871
500,1.7746,-1.2174
501,-1.2585,2.9547
502,-3.3565,-0.56021
503,4.5975,-1.0190000000000001
504,-3.2304,0.68876
505,-2.3206,2.1792
506,0.67953,4.4379
507,3.8133,-1.4223
508,-4.2681,2.5151
509,-4.1167,1.4107
510,0.2154,2.9323
511,4.1004,-2.5414
512,2.9624,1.3682
513,3.4936,1.0365
514,-3.8184,-2.2914
515,-1.432,4.2185
516,2.2611,-2.9474
517,-1.3562,-2.1225
518,2.7747,-0.7552300000000001
519,0.27414,4.4192
520,-2.6738,-4.5374
521,1.011,-4.1804
522,-1.972,-0.40066999999999997
523,2.2914,-4.1126
524,1.9066,3.2579
525,3.3710000000000004,1.5876
526,2.1135,3.3514
527,4.3926,-0.34054
528,4.3459,-3.1039
529,2.0892,-4.5312
530,-3.7229,2.6432
531,3.8686,-2.3204
532,-0.43825,-4.1731
533,2.2767,-0.7741399999999999
534,-3.2996,3.1175
535,0.48633999999999994,5.6428
536,-3.912,-0.16605
537,-4.5139,1.0407
538,-3.3437,-2.1378
539,2.8721,-0.32828
540,-3.8228,3.5097
541,-2.6091,-2.417
542,3.7629,-2.7539999999999996
543,6.5135,0.59614
544,-3.642,-1.8485
545,-0.42738000000000004,3.9794
546,-1.6744,-5.442
547,2.4551,1.9135
548,0.32787,-3.9866
549,-1.8436,-1.2709
550,-4.3226,-2.3167
551,-0.33071,-2.6055
552,-2.0892,4.7779
553,2.1443,3.4034
554,2.4767,-4.301
555,-4.4989,-2.1156
556,-5.0936,0.10499000000000001
557,-3.4366,-4.2889
558,-2.2658,-1.0419
559,2.9347,-2.7089
560,-2.1354,-3.5306
561,1.87,-2.9052
562,1.4173,6.8128
563,-5.1459,-3.2253
564,-5.9037,1.926
565,0.50492,-2.7816
566,-1.7003,-4.13
567,2.4103,1.8323
568,-4.6803,0.70365
569,2.5544,1.2915
570,-4.439,-1.0783
571,3.3949,-3.6723
572,-2.5293,1.77
573,-4.1741,1.2848
574,-0.2807,2.6069999999999998
575,2.6719999999999997,4.5461
576,-0.75583,-4.5341
577,3.7823,3.7511
578,-4.9759,-1.4402
579,4.0172,-1.2424
580,2.577,2.6648
581,-3.863,0.48023999999999994
582,3.9738,-3.4321
583,4.8071,0.42745
584,3.6333,1.5808
585,-1.8048,4.2627
586,-2.8082,-3.2319
587,1.4953,4.6257
588,2.4474,1.8677
589,0.20585,-4.007
590,-3.687,-3.4497
591,-2.3834,2.4839
592,-3.2689999999999997,-2.4936
593,1.0783,-2.6894
594,-0.87798,3.0571
595,-1.9147,2.0837
596,3.9172,3.1643
597,4.6801,1.8827
598,-0.17595,-4.3753
599,-3.5552,2.5541
600,-2.5581,3.5122
601,-4.0653,2.897
602,-1.1161,-4.2188
603,2.012,-4.007
604,-1.0232,-5.2947
605,-3.5134,2.2065
606,-2.812,4.8396
607,-4.4098,1.3686
608,-0.6691600000000001,5.2705
609,3.7872,-2.7392
610,-2.0749,-3.2987
611,-2.0619,3.8947
612,1.0001,2.4776
613,-1.0625,4.3095
614,-2.9032,1.0161
615,-0.8581200000000001,3.2962
616,-2.9764,3.2432
617,-5.0568,-0.77579
618,-2.7483,-0.37096
619,2.6687,-2.8586
620,-3.8376,0.84624
621,0.24303000000000002,5.2488
622,-4.0326,-2.6869
623,3.8511,1.4192
624,-1.6627,-4.5571
625,3.3847,1.6546
626,0.66948,2.3557
627,1.5857,-3.4771
628,1.5217,-3.4384
629,-2.8249,3.7343
630,-3.4252,1.2383
631,2.946,3.0495
632,3.2788,-2.9026
633,-0.7351800000000001,3.3877
634,-0.39719,-4.9289
635,3.1277,-3.1761
636,4.6759,-0.7981199999999999
637,-2.0404,-0.49117
638,-4.7468,-2.0923
639,-1.9372,3.8749
640,-2.0334,-3.6582
641,0.53875,5.0061
642,-1.4325,-2.5755
643,2.5458,-0.01067
644,0.89039,3.4974
645,0.27569,-4.2057
646,0.35746999999999995,-5.06
647,-3.1897,-2.1628
648,2.1902,0.8602200000000001
649,4.5538,0.9377200000000001
650,-3.641,2.872
651,3.7922,0.19235
652,-0.075349,-1.5245
653,-2.6260000000000003,-1.1925
654,1.3195,-3.3039
655,0.15563,-3.9017
656,-5.4222,-0.36651
657,3.2604,-0.5827600000000001
658,2.8771,2.6268
659,1.14,3.4589999999999996
660,-2.9923,-0.73459
661,4.8044,-1.6889
662,-0.66027,1.7343
663,-4.62,-1.0772
664,1.8067,-2.0324
665,6.0729,1.5909
666,-2.9471,2.7906
667,-4.1009,-1.0009
668,0.8517899999999999,4.1438
669,-3.6723,1.4283
670,4.1874,-1.9802
671,-1.6416,-1.6642
672,4.0998,-0.60306
673,2.3546,3.5008
674,2.6875,3.7433
675,0.46413999999999994,4.4302
676,2.5727,-2.4987
677,-4.1678,2.4612
678,1.4195,1.7609
679,-0.41158999999999996,-3.2331
680,-1.0542,2.8515
681,2.5241,-2.17
682,1.6131,-5.1933
683,-2.2501,0.25754
684,-4.3451,0.12715
685,1.723,0.40171
686,1.0709,3.7268
687,1.4442,3.4875
688,-2.8437,-1.615
689,-0.48193,4.2486
690,-2.1969,-3.1153
691,-5.1497,-0.021634
692,3.4469,2.3439
693,4.0445,0.59735
694,3.8516,-0.7507199999999999
695,-4.8378,-3.0929
696,-0.9770700000000001,4.4541
697,-2.5594,6.6887
698,0.81642,5.1911
699,-2.1518,3.1728
700,1.2374,-3.359
701,-1.4408,2.9753
702,-3.3913,1.9724
703,-3.0013,2.9453
704,3.1353,3.5724
705,-3.7833,-0.23905
706,-5.3275,-0.18727
707,0.16813,-2.8810000000000002
708,3.5278,-1.1361
709,0.95667,-3.4206
710,-2.7569999999999997,-4.3524
711,-4.007,2.5312
712,0.52713,5.0752
713,-1.7863,0.91314
714,-4.1317,1.359
715,-3.0916,-0.72659
716,2.4817,3.2022
717,-0.67084,-4.3658
718,1.1665,1.9622
719,-4.0174,-2.6314
720,-2.1452,-4.2104
721,0.14469,3.1553
722,-2.8745,-3.1079
723,-1.3458,3.0733
724,3.017,3.4929
725,-4.7131,1.3048
726,-4.8409,2.528
727,1.5007,-4.8966
728,-2.2838,-3.7232
729,-0.70714,3.722
730,-3.9066,-1.7394
731,-1.0385,-4.1489
732,-0.75843,-2.2556
733,0.07169099999999999,2.7796
734,-2.7571,-2.4588
735,4.8292,-2.8237
736,-3.6062,0.7597
737,-4.2843,0.9613799999999999
738,-1.3376,-0.41523000000000004
739,-2.3133,-2.9711
740,-4.1266,2.9382
741,-0.9738600000000001,5.3317
742,-0.2298,-3.9497
743,-0.68902,-4.3579
744,-0.71173,-5.0333
745,1.9707,-2.4514
746,-3.5666,-0.24122
747,-2.8524,2.8221
748,3.0957,-0.9379200000000001
749,-5.7929,-1.0533
750,3.2056,3.8492
751,4.689,2.0689
752,1.7683,-4.0774
753,0.26059,4.8954
754,3.253,-2.4388
755,-2.7169,3.8934
756,3.0075,2.4123
757,3.2604,1.3646
758,0.25716,4.5631
759,0.10570999999999998,-2.9873
760,1.6359,-3.6092
761,-2.951,1.0727
762,-4.8124,-2.5397
763,3.3108,-2.8138
764,-2.4103,1.6623
765,4.6421,1.5599
766,0.51162,4.8226
767,4.4258,-1.1921
768,4.4523,-0.225
769,1.0185,2.1918
770,-0.98259,5.0592
771,0.58057,-4.2323
772,-0.019584999999999998,-3.4330000000000003
773,2.2328,4.2536
774,-3.5021,-0.22316999999999998
775,0.60973,-3.4688
776,2.3102,-2.7951
777,4.9577,-1.4224
778,-4.0243,1.1436
779,-4.1062,1.9004
780,2.7889999999999997,-1.9112
781,-1.2991,2.1649
782,4.6833,-2.3379
783,4.9464,-0.49956000000000006
784,-3.318,-2.106
785,1.4221,-4.4485
786,-2.9763,-0.69376
787,-0.11220999999999999,-5.2025
788,-4.8997,-1.5899
789,2.1233,4.2546
790,-3.0639999999999996,-2.9648
791,3.2242,-1.9397
792,-1.9633,-3.3134
793,1.4704,-4.0172
794,3.0021,-1.3046
795,-2.517,3.5371
796,-3.6033,3.1231
797,2.4136,-4.4521
798,3.4417,3.9834
799,-2.9169,-2.745
800,5.0037,3.1004
801,3.5499,-2.745
802,-3.5459,-1.4457
803,4.1122,2.7573
804,2.9052,3.4827
805,-2.195,-1.7824
806,0.74736,4.7154
807,-2.4548,3.714
808,3.8805,1.9548
809,-2.1334,-1.2816
810,2.8079,-2.0332
811,-0.32072,3.951
812,0.17769000000000001,4.378
813,2.9744,-0.6613600000000001
814,-3.0693,-1.2155
815,-2.8529,-2.3863
816,-4.2796,-0.012199
817,2.6459,-2.8817
818,4.9115,2.8103
819,2.0702,4.4334
820,2.8979,-3.2943
821,4.9686,-1.088
822,4.1281,0.97793
823,1.3414,5.5215
824,0.67994,-2.9051
825,-1.3344,-5.5608
826,-3.154,-4.5157
827,0.8187399999999999,3.7236
828,2.5931,-3.0817
829,-0.6883100000000001,-5.2394
830,3.1144,-2.501
831,1.4094,4.0585
832,-0.85715,3.9516
833,-1.8513,3.0122
834,0.56299,3.7481
835,2.9421,-0.46333
836,2.4627,1.9316
837,1.9974,-2.7489
838,0.39876,3.3487
839,2.1125,-5.2313
840,-2.0983,2.3461
841,5.6087,-1.1823
842,-4.5128,3.2398
843,2.4516,3.1956
844,2.8259,2.5256
845,-4.1207,-0.34631
846,-1.1775,0.78973
847,-2.2119,-3.4688
848,-1.8241,2.9886
849,3.7329,-3.3868
850,4.3457,1.1843
851,2.9171,-2.7411
852,0.1387,-4.1028
853,-0.043927,4.7073
854,2.3387,-0.41441000000000006
855,3.1188,2.2978
856,-1.886,3.3705
857,-1.1981,4.3788
858,3.1837,-0.5092300000000001
859,0.95635,3.8008
860,4.1531,4.8166
861,-6.1453,-1.8591
862,3.4418,3.0269
863,-4.0583,-0.93642
864,0.6667,-3.7067
865,-1.6059,-3.9698
866,-0.59588,3.2701
867,1.6179,3.0443
868,3.8646,1.079
869,0.01987,-2.4102
870,-1.9341,3.8695
871,-1.8623,3.6898
872,-4.703,-1.9602
873,0.56484,3.2961
874,4.692,1.5632
875,-2.2326,3.9339999999999997
876,-1.5464,3.075
877,-0.48003,3.4809
878,-2.6526,-4.529
879,3.5173,-5.8873
880,4.6725,1.5495
881,5.0412,-1.3423
882,1.9572,2.9088
883,4.1623,2.381
884,-0.64253,3.7569999999999997
885,-3.4589,-2.8888
886,1.4046,2.9939999999999998
887,0.0045283,-2.9434
888,3.0496,-1.6903
889,-2.9104,1.156
890,0.0021486,3.0723
891,-4.6558,0.43533
892,-4.2625,-0.61329
893,1.5942,-2.8789999999999996
894,2.7374,3.4264
895,-2.1153,3.9648
896,2.6755,-1.531
897,0.60426,-5.4153
898,-4.9975,2.7567
899,2.4955,-0.37899
900,3.3846,-2.8356
901,2.7584,-3.1833
902,-1.9748,4.3686
903,-0.43083,-5.3821
904,-3.2592,2.6717
905,0.10186,-5.0044
906,0.47366,-3.4038
907,0.88713,-2.2902
908,4.3288,-1.5947
909,-1.8696,-1.6958
910,5.3857,-1.8106
911,-2.3545,-4.6991
912,-2.6926,-1.2336
913,3.5525,3.0095
914,1.7169999999999999,3.2114
915,4.3328,2.2377
916,-3.2972,-3.4497
917,1.7208,-3.6246
918,-1.1129,-4.36
919,-3.2135,-3.2319999999999998
920,0.42036999999999997,-5.1936
921,-2.2661,-0.74521
922,4.8627,2.1245
923,2.2988,2.2584
924,0.9832200000000001,3.6296
925,4.0668,-0.080581
926,2.1239,2.1471
927,4.1419,-1.1832
928,-4.8189,0.98367
929,1.173,-5.3647
930,0.4707,2.1162
931,-0.49688999999999994,-4.6937
932,-3.0466,-1.4845
933,4.8802,0.50453
934,2.9382,3.2577
935,2.4768,1.4601
936,6.1418,-0.92822
937,-1.4187,-5.7883
938,-2.5748,2.6801
939,-0.34115,-2.38
940,-3.9693,2.2582
941,1.8479,-5.4796
942,5.7161,-0.20611
943,-4.6316,0.78051
944,2.9201,-0.59283
945,-4.5683,-1.0257
946,-1.9739,-2.8810000000000002
947,3.1707,-3.5553
948,2.2577,-1.7369999999999999
949,0.0019921,-3.4842
950,5.6809,-0.62435
951,2.99,-3.6822
952,-2.9414,-1.6566
953,-1.8703,-4.3223
954,-1.9587,-4.9052
955,-0.37795,3.755
956,-1.7693,-4.8933
957,-0.5766899999999999,3.0769
958,-0.38089,-3.8808
959,-2.4882,-4.7704
960,-4.5975,-1.7039
961,-1.0592,2.9196
962,-5.2383,0.73385
963,-0.75897,5.2872
964,-4.3323,0.24999000000000002
965,1.5071,3.252
966,-3.2096,-0.05145
967,-3.9098,1.6255
968,1.5067,3.5961
969,-2.0552,2.9836
970,-4.1872,-1.3456
971,3.3685,4.0683
972,-6.0408,3.3184
973,2.8717,1.7349
974,-4.878,-0.5574899999999999
975,0.65341,3.1754
976,-1.6443,-3.6923
977,-2.0043,2.7755
978,0.86505,4.5303
979,2.5796,-2.5449
980,4.3778,1.5774
981,4.2257,-0.63873
982,0.21266999999999997,3.0192
983,3.74,0.63232
984,0.20045,3.1465
985,3.5171,1.5083
986,0.5737,4.6415
987,-1.2291,-5.7805
988,1.2962,-3.7391
989,-3.2110000000000003,-2.8926
990,3.4973,0.68305
991,-1.5082,2.1128
992,1.381,-3.7718
993,1.5823,2.6005
994,-2.291,-1.8762
995,-1.9372,4.3158
996,3.4035,2.9002
997,5.5197,-0.01761
998,-0.71225,4.2109
999,-1.7224,4.7645
1000,-0.38658000000000003,1.9655
1001,2.6265,0.076513
1002,0.47513,-3.3928
1003,-4.5974,-2.0493
1004,2.3294,0.12824000000000002
1005,-1.4916,-2.5252
1006,-1.2894,2.0554
1007,-0.7672,3.8148
1008,-0.9894700000000001,-3.1611
1009,-0.30305,-1.0925
1010,3.9610000000000003,-1.0390000000000001
1011,-4.8558,0.41005
1012,-1.5265,1.7093
1013,0.22375,-3.2843
1014,0.7166899999999999,-3.1589
1015,2.4789,4.4316
1016,3.2621,-0.51061
1017,-0.1007,-2.0457
1018,3.1428,-2.6337
1019,-1.4258,1.7134
1020,-0.81994,-1.0005
1021,1.4252,-0.77582
1022,-1.2753,2.0712
1023,-3.2872,0.45883
1024,0.75447,3.9961
1025,1.4598,0.65174
1026,-2.0402,2.2862
1027,-2.1377,2.3387
1028,-1.1436,2.8025
1029,0.9821,1.7543
1030,1.5109,2.3818
1031,-3.3152,-3.6699
1032,-2.9808,-2.3266
1033,-3.1511,1.6529
1034,-3.7583,-2.3966
1035,2.5343,-3.3977
1036,-1.7039,-3.5732
1037,3.2461,-0.015823
1038,-3.7880000000000003,1.0969
1039,-2.1795,4.5064
1040,-1.0183,0.55375
1041,1.3849,-1.7071
1042,-2.2255,-1.7152
1043,0.29446,3.3016
1044,0.12568,2.6289999999999996
1045,-3.2289999999999996,-1.2989
1046,1.7125,-4.7581
1047,3.367,-3.2374
1048,0.56904,2.9985
1049,-2.6204,-2.5810000000000004
1050,-0.64117,-2.8782
1051,0.8976799999999999,-3.2707
1052,-3.54,1.2091
1053,1.9429,2.7023
1054,1.4513,3.2206
1055,-3.49,-1.4469
1056,0.020857,-1.3614
1057,-4.0668,-1.2678
1058,-1.9605,-3.8202
1059,2.6027,0.68337
1060,3.056,0.87003
1061,-0.63436,2.6839999999999997
1062,1.5635,3.5743
1063,2.7542,-3.7287
1064,-3.2446,-0.14804
1065,1.3162,-0.5018600000000001
1066,-3.6084,2.5393
1067,-0.8749100000000001,-3.6685
1068,2.5111,3.9542
1069,1.4944,-1.3014
1070,0.095579,2.2021
1071,3.9302,-1.2567
1072,3.0833,-3.4461
1073,-0.1035,4.3811
1074,1.9424,4.7471
1075,0.5728,-3.6228
1076,-3.4467,-1.8607
1077,-4.4924,-0.66075
1078,-1.5869,-1.7521
1079,4.5416,-0.27364
1080,-5.0492,2.5447
1081,-1.5351,0.69538
1082,-1.0362,-2.4778
1083,-4.9579,-1.1399
1084,-4.522,-1.3249
1085,-4.5589,2.2097
1086,-2.3134,-0.36405
1087,1.3869,4.529
1088,3.7272,0.9360700000000001
1089,3.1078,-3.4024
1090,0.79476,0.74062
1091,2.7884,-6.2334
1092,-1.9853,0.036959
1093,-3.9321,3.7568
1094,5.2127,-0.84388
1095,1.8645,0.64825
1096,-2.7842,-1.9524
1097,2.8867,-2.1139
1098,-0.67242,-3.2047
1099,0.6308699999999999,-2.0598
1100,3.7161,0.5059
1101,-2.8739,-2.1991
1102,-2.184,3.8108
1103,2.4661,-0.7147
1104,-1.0091,0.55474
1105,-3.7986,-2.2892
1106,-1.2343,-0.48302
1107,0.8266,-2.9018
1108,-2.1836,-3.3208
1109,-2.542,-2.0848
1110,-0.87085,-2.4444
1111,2.9511,3.6266
1112,3.6155,-1.2885
1113,-4.8667,-0.50003
1114,-2.2928,-2.5574
1115,-2.6578,-0.47226
1116,3.5354,-1.6001
1117,-3.9767,-0.035464999999999997
1118,-2.2321,0.62962
1119,-3.0863,-3.2889999999999997
1120,-5.1906,0.98211
1121,2.9446,3.4127
1122,-1.9798,-2.3063
1123,0.56324,-1.1321
1124,-1.131,3.3693
1125,-0.8710100000000001,-2.0753
1126,2.4979,-1.8133
1127,-1.9021,0.36468
1128,-4.1521,-0.45476000000000005
1129,-2.5086,-3.4219999999999997
1130,0.80723,-1.8636
1131,1.9413,-3.5422
1132,-0.31199,0.51877
1133,1.1152,-2.9448
1134,-4.4432,0.6177600000000001
1135,-1.9731,2.9078
1136,0.90736,2.2807
1137,-4.3168,1.6279
1138,1.0661,-0.48005
1139,0.8638899999999999,1.6133
1140,-4.7396,-1.2044
1141,0.057928,2.7444
1142,-0.48955,-3.642
1143,-0.39695,2.2504
1144,-2.1204,3.8011
1145,0.84521,4.7373
1146,-2.1229,0.72736
1147,-0.88026,-3.0098
1148,1.6447,-0.94268
1149,-2.6122,-0.66033
1150,-2.6189,-0.32068
1151,-3.6408,1.5491
1152,-0.80202,1.3177
1153,1.3767,-2.4698
1154,4.3258,3.6976
1155,-0.79533,4.9977
1156,3.2627,0.97406
1157,-1.0816,2.9783
1158,1.9055,4.3856
1159,1.1128,2.6004
1160,-1.4657,-3.0527
1161,-3.5225,1.4022
1162,2.3988,2.8512
1163,-0.91015,2.6422
1164,-3.1519999999999997,-0.73575
1165,2.2604,-3.8747
1166,3.7557,-0.18207
1167,1.1888,0.99859
1168,1.8562,2.3326
1169,-1.7102,2.9523
1170,-1.4048,-2.3605
1171,-4.8695,-1.6661
1172,-4.3384,-2.0327
1173,-5.0409,0.9656
1174,0.5897600000000001,-3.0927
1175,-3.1682,2.3555
1176,2.4444,4.171
1177,-1.8219,-4.1793
1178,-3.1476,2.6487
1179,-0.30384,3.1368
1180,-0.14123,-1.7237
1181,-1.3781,-2.0241
1182,-0.92894,6.266
1183,0.41491999999999996,-1.3588
1184,3.0247,-0.89618
1185,-3.009,-0.34636999999999996
1186,-0.63608,3.405
1187,3.5408,-1.3836
1188,-4.6205,-1.0321
1189,-0.5776100000000001,0.58712
1190,-5.0687,3.6909
1191,-4.2532,-0.39899
1192,0.88408,3.6405
1193,-2.2242,-2.3809
1194,3.1967,3.0608
1195,-2.8897,-2.8252
1196,2.2867,-1.6619
1197,0.15805999999999998,-2.168
1198,-3.4389,0.67618
1199,-0.82532,-3.9774
1200,0.25487,0.77613
1201,-1.4518,4.5373
1202,-0.93405,4.1347
1203,-2.8515,0.51285
1204,4.325,-0.7477
1205,-3.3508,0.38554
1206,1.5843,-1.5859999999999999
1207,-4.3543,1.2081
1208,2.7116,-1.6675
1209,2.1326,2.9601
1210,3.0085,-3.625
1211,-3.6647,1.7668
1212,-0.12642,-4.5916
1213,0.51395,-1.0293
1214,-2.7118,0.20586999999999997
1215,-0.26944,5.4221
1216,4.1666,-2.6683
1217,-3.0281,-3.3843
1218,0.54456,-3.9118
1219,-0.00042558,-4.2864
1220,-1.0188,4.9149
1221,-0.15954000000000002,-4.1704
1222,2.4814,2.9716
1223,3.9987,0.42102
1224,2.3635,-5.6766
1225,4.1711,-1.085
1226,-4.6527,-1.2477
1227,0.66638,-0.19178
1228,1.5531,0.14937999999999999
1229,-3.7582,3.5709
1230,0.5567,-0.50313
1231,0.41363,-1.6618
1232,-3.3587,-3.4718
1233,-0.49895,4.4152
1234,-2.6975,-2.4276
1235,2.5315,3.1048
1236,1.7767,-1.7059
1237,-4.3785,2.1821
1238,-0.49818999999999997,-1.3324
1239,1.7258,-1.5619
1240,-2.2432,-0.20203
1241,-0.41236000000000006,-3.5688
1242,0.27126999999999996,2.4888
1243,3.5042,-5.039
1244,3.2746,2.061
1245,-1.8142,-2.3326
1246,-3.0726,2.6319
1247,-1.883,-2.1933
1248,2.5808,-0.64554
1249,-0.3429,2.3901
1250,1.6319,2.6656
1251,-1.1992,1.2331
1252,1.058,2.1484
1253,0.6559699999999999,0.83009
1254,3.2109,-4.9847
1255,4.1427,2.2842
1256,0.9908600000000001,5.531000000000001
1257,-2.2602,-0.36523
1258,-4.9915,0.48211000000000004
1259,-5.1414,0.0061538999999999995
1260,2.9809,-4.1025
1261,1.1534,-0.38668
1262,0.36705,2.469
1263,-0.28138,-4.8218
1264,-2.835,-2.1049
1265,-2.2128,4.5548
1266,-1.7530000000000001,-3.5039
1267,3.5526,0.6314
1268,-3.2593,-3.8689
1269,2.3785,-4.362
1270,-1.1262,5.8588
1271,-0.20986,1.3836
1272,0.10879000000000001,-4.3552
1273,-2.8046,0.15884
1274,-1.6351,0.18208
1275,0.94384,3.7248
1276,3.7446,-0.17465
1277,-2.0294,-5.0722
1278,3.8539999999999996,1.7172
1279,1.4755,-2.0677
1280,-2.2791,-2.7569
1281,-3.3677,0.81595
1282,1.0588,-2.6138
1283,-2.6953,1.4371
1284,-0.74688,1.3791
1285,3.3437,1.985
1286,0.35620999999999997,2.8014
1287,-0.9613700000000001,-1.0828
1288,-1.3511,-4.8319
1289,-2.7515,-2.2098
1290,-2.4553,-0.69606
1291,-4.1162,-2.0392
1292,1.2351,1.9118
1293,-4.3428,0.34807
1294,-2.2753,1.0478
1295,0.28918,-2.3021
1296,3.8288,-1.0399
1297,1.6067,-2.8924
1298,3.8254,1.3825
1299,0.6788,3.9175
1300,0.83231,3.1593
1301,1.3956,-1.8524
1302,-4.3904,-2.9534
1303,-2.7698,0.064987
1304,2.2007,2.6194
1305,0.0077405,-3.4761
1306,-3.2159,-2.8152
1307,-3.1219,0.5494
1308,-2.4106,2.7039
1309,-0.79518,0.13061
1310,0.9013399999999999,-5.0531
1311,0.81299,2.7739999999999996
1312,0.42838999999999994,-0.42188000000000003
1313,1.3716,0.48991
1314,3.5003,1.6101
1315,-0.8387399999999999,-1.8330000000000002
1316,-1.5776,1.3833
1317,-0.9009799999999999,2.0946
1318,3.1152,0.4137
1319,0.23268000000000003,-2.3717
1320,1.1233,0.45085
1321,-1.7328,-1.3475
1322,-0.7823899999999999,3.531
1323,0.44422,-0.70553
1324,-0.9622299999999999,-2.8798
1325,0.079862,-4.0221
1326,-0.65714,4.3127
1327,3.5759,0.25481
1328,4.1546,-1.7989
1329,2.0582,0.34861
1330,-0.24193,-1.7893
1331,-3.4022,-0.58273
1332,-1.7906,-1.2762
1333,0.12065999999999999,-2.7259
1334,-2.2786,-1.0067
1335,0.12703,2.0668
1336,4.0063,1.1613
1337,0.66885,3.4366
1338,5.3678,-1.2572
1339,-2.6579,-3.4964
1340,0.69117,2.3495
1341,-4.4153,1.3798
1342,-4.7906,-0.61329
1343,-2.5315,3.4621
1344,-6.0387,1.6524
1345,-0.0089322,0.9539200000000001
1346,3.3904,-2.8712
1347,-1.4345,1.2235
1348,5.6937,3.3899
1349,0.63027,3.5975
1350,3.043,0.15905
1351,1.4072,1.5643
1352,-4.4608,-0.68147
1353,-1.1865,4.5055
1354,3.6029,5.7357
1355,-1.5233,2.7439999999999998
1356,-4.2736,-1.2409
1357,-3.1786,2.3153
1358,-4.6928,-0.22486
1359,2.2134,1.9669
1360,-3.6873,0.19397999999999999
1361,-1.2099,-0.70327
1362,1.2554,-0.6801699999999999
1363,3.0324,1.6618
1364,2.3804,-2.0692
1365,-2.0349,-2.5919
1366,-3.589,-0.57295
1367,-0.6629999999999999,0.14013
1368,1.5669,3.7497
1369,-0.49725,5.1313
1370,1.0433,1.6796
1371,3.6430000000000002,1.2019
1372,-0.0064453,0.54014
1373,0.61216,0.6684
1374,-1.5245,-0.6281399999999999
1375,-1.7943,-2.8501
1376,-3.2375,3.1755
1377,0.08106100000000001,3.0099
1378,-1.9384,3.4118
1379,1.4252,-2.1997
1380,-3.4845,1.0051
1381,-4.2029,-2.66
1382,5.0416,-0.32653000000000004
1383,-1.6966,-5.172000000000001
1384,-1.1575,-1.2083
1385,1.3432,-0.9733700000000001
1386,-1.5994,0.76917
1387,2.0944,0.83919
1388,2.9558,-2.6469
1389,2.7705,-2.3061
1390,1.8774,-1.5714
1391,-3.0852,-0.098223
1392,-0.051627,2.9998
1393,2.9423,3.9864
1394,1.0993,1.3779
1395,0.031264,-2.8772
1396,-1.8401,1.3281
1397,-2.8299,2.0714
1398,-1.4568,-4.0073
1399,-0.39728,1.719
1400,-2.7824,1.9638
1401,2.7324,0.26616
1402,-1.6831,-0.013969
1403,1.6927,2.7796
1404,3.6089,-1.1995
1405,-0.10075,3.6581
1406,-3.7937,-2.2366
1407,2.3933,-0.9742700000000001
1408,2.1683,-1.9675
1409,0.50648,2.1486
1410,-2.2227,2.2126
1411,4.5623,-0.32506999999999997
1412,-2.4269,-1.4835
1413,-0.9427,1.6235
1414,-0.5121600000000001,-2.1444
1415,1.7458,-0.64922
1416,-1.7703,0.7485
1417,2.9382,0.013482
1418,5.0895,0.66647
1419,3.6688,0.6956899999999999
1420,-1.4891,-1.5971
1421,3.4838,-0.22855
1422,1.0688,5.0676
1423,3.3012,-1.3834
1424,0.68467,-1.1439
1425,3.5049,-2.7653
1426,-1.1833,1.0112
1427,2.6981,-5.1775
1428,-2.3542,1.642
1429,-1.3368,-5.1003
1430,-2.5925,0.25214000000000003
1431,1.2608,-3.7988
1432,-2.3057,5.2313
1433,-0.37318,2.4137
1434,-3.6623,-2.6821
1435,0.96598,-2.6574
1436,-0.6199600000000001,2.0256
1437,1.8201,1.9536
1438,2.0211,-6.0781
1439,0.29356,1.6121
1440,-3.3404,-2.5845
1441,0.80267,-0.7389399999999999
1442,-3.8578,1.0349
1443,1.6340000000000001,0.06400499999999999
1444,0.9327200000000001,3.0665
1445,-0.45038999999999996,4.4725
1446,-3.6046,-1.6101
1447,3.2094,-0.59538
1448,0.81014,1.7496
1449,1.8375,3.3766
1450,-1.2101,2.3449
1451,0.46858999999999995,4.3875
1452,2.0595,1.7388
1453,1.2587,-3.2858
1454,3.3927,0.54104
1455,-3.5137,-0.60752
1456,0.29852,2.4229
1457,-3.43,1.3573
1458,-0.88145,2.983
1459,-1.965,-1.3746
1460,-0.40204,4.8643
1461,3.9168,1.781
1462,-0.35823,-1.2829
1463,3.7812,-0.12239000000000001
1464,2.8321,3.0748
1465,-0.6623600000000001,-1.2266
1466,-1.1254,4.5768
1467,-1.5811,-1.6221
1468,0.36961,1.4571
1469,0.5773699999999999,3.1328
1470,-0.43231,1.153
1471,-2.3492,-2.9987
1472,-2.2417,-3.0007
1473,2.0916,1.8994
1474,-5.143,1.9997
1475,-2.4074,0.63999
1476,-1.92,3.2194
1477,3.2046,-0.9780399999999999
1478,1.34,4.6078
1479,1.2164,0.69807
1480,-3.4893,-0.82084
1481,-4.0146,0.74987
1482,5.9387,0.9558700000000001
1483,-1.5074,0.99969
1484,1.449,1.6954
1485,-1.6323,4.4343
1486,3.142,-2.6097
1487,2.4925,3.3722
1488,2.6403,1.9184
1489,-3.9297,4.658
1490,-1.3801,-0.11774000000000001
1491,-2.6167,0.33071999999999996
1492,2.2824,-0.17343
1493,2.4334,-2.8582
1494,-0.57521,-1.5906
1495,1.2147,-3.8173
1496,2.8501,-1.4852
1497,-1.939,0.37989
1498,-1.2772,1.4329
1499,3.5281,-2.7664
1500,1.57,-0.021036000000000003
1501,-4.7413,1.2665
1502,-0.69403,-2.0733
1503,-2.2662,-2.8489
1504,-3.2872,1.8908
1505,0.72409,1.31
1506,1.9723,2.9186
1507,2.5234,-1.2590000000000001
1508,-1.0215,0.77578
1509,0.13844,-0.8771200000000001
1510,-2.415,1.0152
1511,1.4001,1.7562
1512,3.997,1.7098
1513,4.4421,-0.7873399999999999
1514,-2.9424,-3.5056
1515,-1.8738,0.33378
1516,3.8728,-0.96885
1517,-4.3018,2.1302
1518,2.3982,-0.9167799999999999
1519,2.2953,0.30856999999999996
1520,-4.9212,-2.3325
1521,3.4069,-0.89085
1522,-0.47597,-5.1305
1523,1.3631,2.2087
1524,-0.30657,1.6195
1525,-0.71294,3.0574
1526,2.1055,0.14135999999999999
1527,-2.9330000000000003,3.6355
1528,-0.47313999999999995,3.3031
1529,-3.5723,1.651
1530,0.24205,4.5492
1531,-0.20765,-0.59514
1532,-0.9650200000000001,-1.5199
1533,-2.0637,3.372
1534,-2.2535,-3.0732
1535,2.4103,-1.2143
1536,-3.8294,0.6592600000000001
1537,-1.1417,-0.29186999999999996
1538,2.228,0.14798
1539,-1.0062,-4.2767
1540,1.4702,-1.5359
1541,-0.71811,3.2898
1542,-1.8413,0.87834
1543,4.3109,-3.3737
1544,-2.9537,0.53357
1545,-1.0988,6.0418
1546,0.68883,-5.1752
1547,3.195,4.6530000000000005
1548,2.5362,-2.2957
1549,-1.6558,0.85541
1550,2.7413,2.5926
1551,0.067048,-4.6974
1552,-0.58787,1.2522
1553,-2.4851,-2.7215
1554,-2.3198,-1.473
1555,-4.2318,-2.385
1556,0.23776,1.9764
1557,-3.9395,-2.8598
1558,2.3351,-1.3881
1559,-4.0854,-0.13868
1560,-2.0181,-4.1145
1561,2.8145,1.181
1562,4.3787,-1.2694
1563,0.8027,-2.9581
1564,1.7849,0.5631
1565,-5.2243,0.92332
1566,3.0014,2.9858
1567,4.7631,-1.1491
1568,-1.2211,-3.1886
1569,-4.5187,-1.0818
1570,3.3202,2.7832
1571,-0.36273,-1.9514
1572,1.1489,-0.56255
1573,4.6062,-3.7013
1574,-0.8463200000000001,-0.050239
1575,0.043475,-3.2385
1576,2.9255,-1.5375
1577,-2.3841,-3.1356
1578,-2.5077,2.2425
1579,3.577,0.6241300000000001
1580,-5.3466,0.7973
1581,-0.0030514,-1.4497
1582,-0.7020000000000001,4.3924
1583,0.39765,-3.958
1584,-2.5522,4.0625
1585,-1.8880000000000001,-3.2906
1586,1.7719,3.0262
1587,-1.0637,4.9969
1588,-1.6121,1.0198
1589,1.4747,-1.0899
1590,-4.3854,-2.8621
1591,1.5977,-0.016094
1592,-2.5624,-3.1129
1593,1.7063,3.8222
1594,-2.8825,0.93696
1595,-0.14245,-0.21656999999999998
1596,-0.014846000000000002,-3.5734
1597,0.14683,1.1217
1598,-3.1463,-1.0541
1599,-2.6006,-2.1438
1600,-1.6356,-3.2801
1601,-0.09786399999999999,1.7756
1602,-3.6672,-0.036925
1603,-3.6239999999999997,-1.2193
1604,-4.3203,-0.33952
1605,0.089585,0.9986
1606,-2.0231,3.2821
1607,3.0782,-2.7726
1608,0.22044,-2.1634
1609,4.6504,-1.1183
1610,0.8434799999999999,3.1256
1611,2.4463,-0.72419
1612,1.8899,-3.5909
1613,-1.2769,3.0302
1614,-1.0597,-2.7802
1615,-0.26133,1.0608
1616,-3.2237,-3.2418
1617,-4.9331,0.62416
1618,-0.45385,0.7420899999999999
1619,-3.0914,-0.96252
1620,-3.0691,0.13502999999999998
1621,-2.187,-2.8893
1622,3.0228,-5.0521
1623,-1.3138,2.3794
1624,1.1327,5.237
1625,-0.2465,3.6474
1626,2.7078,-3.4792
1627,-2.0084,-4.2285
1628,-1.7344,-4.6099
1629,2.5537,5.2535
1630,3.2772,1.9496
1631,3.0641,0.29231
1632,-1.9912,-2.0676
1633,-2.3836,-2.9171
1634,3.0002,-0.8759100000000001
1635,4.5871,-0.7502800000000001
1636,-1.6269999999999998,-2.5097
1637,-3.0989,1.4253
1638,0.21408000000000002,-3.7483
1639,4.1160000000000005,0.60132
1640,4.2722,-3.0992
1641,-1.3351,2.6486
1642,2.1873,-0.96583
1643,-1.5922,2.5516
1644,-1.7966,-3.495
1645,4.4659,3.5004
1646,1.5889,3.9595
1647,-3.2106,-3.2811
1648,3.438,-4.994
1649,-3.0335,0.017154
1650,1.3642,-4.3956
1651,-0.91685,-1.5594
1652,1.2256,2.8918
1653,-0.41052,-0.6763600000000001
1654,-1.5168,3.3861
1655,0.34986999999999996,3.8692
1656,-0.49362,-6.0397
1657,2.7016,-1.5542
1658,-3.2444,2.6421
1659,0.0998,-0.77189
1660,-1.7116,-1.7292
1661,-2.4155,4.8158
1662,1.0835,-0.8780899999999999
1663,-2.0889,1.0756
1664,1.8719,-2.7643
1665,-4.5413,-3.2889999999999997
1666,-4.2497,4.2553
1667,2.4065,-0.60678
1668,3.6048,3.4468
1669,-1.2029,3.2739
1670,-3.2054,-1.6131
1671,-1.0408,-3.8536
1672,3.2155,-1.0448
1673,-1.7056,-3.0460000000000003
1674,3.3964,0.48821000000000003
1675,0.84998,3.8908
1676,-3.1919999999999997,0.57615
1677,1.7998,-1.5065
1678,-0.29374,-2.1352
1679,-1.5851,1.9471
1680,-0.17407999999999998,5.8072
1681,-0.8664799999999999,-1.339
1682,-0.37666,3.8372
1683,-6.2149,-0.3335
1684,0.42318,-1.7714
1685,-1.4208,-4.3226
1686,3.4232,0.9536
1687,3.2454,0.17459000000000002
1688,-2.0624,1.7499
1689,-1.3775,2.4681
1690,0.17157999999999998,0.41748999999999997
1691,-3.2738,2.8160000000000003
1692,-1.7478,-2.7586
1693,-3.3532,-2.1245
1694,-2.36,-0.13327999999999998
1695,0.19549,-4.261
1696,4.1692,-0.27742
1697,0.39618000000000003,4.6278
1698,-0.47155,1.3617
1699,-0.48536999999999997,1.3068
1700,0.74069,0.21665
1701,-3.9989999999999997,5.055
1702,2.9167,-2.5296
1703,-1.1544,-5.417999999999999
1704,1.3157,-3.6371
1705,-2.2548,2.6093
1706,1.5431,-1.7624
1707,1.4427,-0.20886999999999997
1708,1.3322,0.62122
1709,4.5909,1.375
1710,-0.35896,-1.054
1711,-0.9369,-3.4125
1712,1.3605,-3.8156
1713,-4.5048,2.2927
1714,-1.6465,-0.044614999999999995
1715,-2.5886,1.3654
1716,0.026887,4.7412
1717,-2.7847,-1.1625
1718,-4.6348,-0.88844
1719,2.4244,3.5214
1720,-1.5142,-0.7587
1721,2.2822,-1.7232
1722,-2.6339,3.8372
1723,-2.9194,4.0654
1724,0.88139,-0.37678
1725,0.3092,-2.6322
1726,-4.5438,-0.8262799999999999
1727,1.1367,-2.0669
1728,-1.4097,-0.29412
1729,0.35875,0.58233
1730,1.9116,-2.028
1731,1.1789,1.6687
1732,0.67498,4.7414
1733,-0.13921,-2.3778
1734,-2.4885,3.8958
1735,-0.4107,-0.94435
1736,-2.4722,-3.3196
1737,2.7132,-1.8493
1738,-3.0608,-1.3618
1739,-5.0145,-0.48383000000000004
1740,0.11667999999999999,1.7085
1741,-3.7829,1.6412
1742,-2.5515,0.84745
1743,-2.4036,-4.2865
1744,-3.9329,-0.33871999999999997
1745,-0.24205,0.41663999999999995
1746,1.2614,0.39469
1747,-2.4631,-4.1486
1748,1.483,4.2774
1749,2.3086,-0.073805
1750,0.95294,-5.1086
1751,3.6681,-0.40003
1752,2.0811,3.1516
1753,0.937,-0.3733
1754,-0.19528,-3.975
1755,-1.6352,3.2283
1756,-1.864,-0.028352
1757,1.7753,3.2372
1758,-0.5896600000000001,3.8012
1759,2.803,-4.5378
1760,3.1396,3.9182
1761,-3.8406,-1.8426
1762,-4.7264,-3.7543
1763,-1.4602,2.9948
1764,-2.3267,2.1907
1765,-0.14764000000000002,-3.904
1766,2.5081,-4.2488
1767,-5.209,-1.8234
1768,4.3397,-1.3485
1769,-0.17834,1.632
1770,3.5942,3.7182
1771,0.9757899999999999,-1.84
1772,-2.5758,1.1909
1773,-0.20608,1.2256
1774,-4.1475,1.5128
1775,-0.38423,-0.88359
1776,-1.5262,-3.6241
1777,-0.81402,2.1682
1778,0.9187700000000001,-0.66919
1779,2.0633,1.7474
1780,4.6431,-0.19457
1781,-0.96383,0.44706999999999997
1782,-0.40976999999999997,-1.0825
1783,1.9726,0.54413
1784,-2.6039,-1.723
1785,2.8156,2.1024
1786,0.30426,2.6489999999999996
1787,-4.8155,-0.46086000000000005
1788,-0.55917,-2.7094
1789,-3.5137,-0.9217
1790,-2.2254,-2.6205
1791,-1.5489,1.9374
1792,1.4048,2.4556
1793,-0.08228099999999999,3.3416
1794,-3.8464,4.6519
1795,-1.6592,3.1116
1796,-0.26225,1.7158
1797,-2.7048,-1.9574
1798,4.4345,-0.15169000000000002
1799,1.6442,-3.9507
1800,5.5652,-3.1471
1801,4.5116,0.9348200000000001
1802,3.7194,1.2921
1803,2.1408,-3.1537
1804,-1.42,-2.2031
1805,0.56129,-0.59146
1806,2.1874,-1.9576
1807,-2.0945,-1.4242
1808,2.2047,0.66561
1809,0.7390100000000001,-2.7828
1810,-1.2301,1.5548
1811,-3.4267,-1.245
1812,2.2238,1.494
1813,1.8563,4.279
1814,1.6722,-6.1668
1815,0.96424,4.2872
1816,-0.7138399999999999,-4.5776
1817,3.6148,1.2199
1818,-2.1692,-2.5429
1819,3.4276,1.9604
1820,4.5246,-2.9565
1821,1.4511,-0.73215
1822,3.7305,2.6256
1823,0.10879000000000001,-2.4584
1824,1.567,-1.2708
1825,1.8798,2.7549
1826,-5.0476,0.76531
1827,1.6196,0.73348
1828,2.1477,3.2007
1829,-2.0340000000000003,1.1026
1830,-1.3671,-1.5502
1831,-0.048139,-2.5734
1832,0.73215,4.7755
1833,-1.4777,-2.1587
1834,1.5358,3.4968
1835,-0.9572700000000001,-2.568
1836,-3.9727,0.30931
1837,-3.6154,3.3543
1838,1.6898,-4.4079
1839,-2.963,-1.3407
1840,-0.47625,-1.4373
1841,-2.2879,0.21514
1842,2.6835,0.52733
1843,3.2112,-4.453
1844,1.9681,-3.156
1845,3.923,-1.4158
1846,5.4462,1.1352
1847,-2.5904,-2.977
1848,-1.1347,-1.7380000000000002
1849,3.0276,-3.6333
1850,5.0316,-1.0095
1851,-2.8637,3.426
1852,-0.66752,-1.0625
1853,-0.65494,2.2139
1854,-0.3316,4.8764
1855,1.5809,-3.8621
1856,5.3188,-1.7812
1857,-4.5522,-0.932
1858,3.6442,-0.34436
1859,1.7991,-1.8256
1860,-4.2383,1.1131
1861,2.9367,-1.1902
1862,1.1339,-0.70938
1863,-0.29359,-1.8243
1864,0.6864,-3.8733
1865,-1.7231,5.7261
1866,-0.39768000000000003,-3.9723
1867,-2.622,0.19438
1868,-1.9536,4.0933
1869,2.1194,-0.2547
1870,-0.14920999999999998,1.7062
1871,-0.12547,-2.2344
1872,-1.3977,0.85545
1873,3.3975,-2.5901
1874,0.06763999999999999,-0.86315
1875,-4.3659,0.82521
1876,-2.1756,2.705
1877,-1.7369999999999999,2.2669
1878,-1.2288,-3.8567
1879,2.5542,-2.9078
1880,-1.6344,-2.4609
1881,-3.4411,-1.5768
1882,1.1968,-0.80257
1883,2.8157,1.4569999999999999
1884,4.9022,0.0044618
1885,0.27171,-2.9001
1886,4.0799,-0.9637
1887,-1.3758,1.1538
1888,-0.45993,4.7042
1889,-5.0134,2.1053
1890,3.6997,-2.0291
1891,-5.4454,-2.4404
1892,-3.1968,-1.3130000000000002
1893,-0.94158,-3.0588
1894,-0.31443000000000004,-0.28978000000000004
1895,-2.2039,2.0144
1896,-3.6568,3.5522
1897,-2.2908,2.8336
1898,-2.9213,-1.5342
1899,-4.5222,-0.025988999999999998
1900,-2.3444,4.2633
1901,0.9598,-4.2267
1902,-4.4672,1.367
1903,2.6334,-4.7031
1904,0.18065,-0.075776
1905,-4.9295,-1.9651
1906,0.015168000000000001,-0.32961999999999997
1907,3.7917,1.8529
1908,2.2987,3.9282
1909,2.5046,-0.46161
1910,-0.49068999999999996,4.397
1911,0.27294,0.78695
1912,-3.3468,3.7854
1913,-4.1232,-1.2447
1914,1.6338,5.5732
1915,2.0716,-1.1626
1916,-0.1708,-1.3851
1917,-1.2212,-3.2002
1918,-1.3227,3.487
1919,-0.65722,-2.3407
1920,-1.2413,0.85255
1921,-3.8984,-2.9139999999999997
1922,-3.1022,-2.8873
1923,1.3076,0.86782
1924,2.7348,-2.9099
1925,-0.82389,-2.3213
1926,2.2634,-2.9403
1927,-3.2774,-2.1519
1928,1.9869999999999999,-1.6932
1929,3.0389999999999997,-0.87198
1930,-2.4364,0.55273
1931,2.3898,-3.4083
1932,-2.4052,0.5201
1933,-3.3571,-1.7107
1934,3.3178,2.5791
1935,3.4772,3.3402
1936,-0.51166,1.7851
1937,1.7854,0.18147
1938,-0.1965,-1.5018
1939,-1.2271,4.1419999999999995
1940,-3.7119,4.1098
1941,3.8189,-3.0083
1942,3.9729,-0.035904000000000005
1943,-0.49728999999999995,2.378
1944,-1.0078,-0.081548
1945,4.9655,2.0532
1946,-3.9594,-0.93663
1947,4.4496,-0.53706
1948,0.28010999999999997,4.2404
1949,-4.6001,2.3405
1950,2.9939999999999998,-0.0019029
1951,-1.193,4.4166
1952,-0.6451100000000001,3.1401
1953,3.0314,-3.2173
1954,1.266,-3.3052
1955,-1.1769,-4.4231
1956,-1.9029,-2.3930000000000002
1957,0.23598000000000002,-4.0436
1958,-4.4957,1.0107
1959,3.2038,-2.6461
1960,1.4641,4.4279
1961,-1.9468,1.5147
1962,0.53273,1.734
1963,2.3683,-4.5475
1964,2.0491,-1.7925
1965,1.5204,0.59009
1966,0.4584,5.6201
1967,-5.1133,-0.89938
1968,1.3889,0.43637
1969,4.3416,-0.30075
1970,-1.1577,2.2723
1971,-4.0692,-1.7588
1972,1.6661,0.46423000000000003
1973,2.9672,-2.0694
1974,3.7081,3.4139999999999997
1975,-1.7187,-1.6321
1976,0.10194,-3.0368
1977,1.1469,-2.7460000000000004
1978,0.5109899999999999,4.3781
1979,0.97654,-2.0706
1980,1.7764,3.4939999999999998
1981,3.0887,-0.60133
1982,1.7858,-3.8146
1983,-0.21511999999999998,-0.91791
1984,-2.4624,4.16
1985,-0.063774,3.0782
1986,-1.1488,-5.0488
1987,0.18202000000000002,-2.7084
1988,3.3011,2.9974
1989,-5.1657,-1.3679
1990,0.52094,1.0665
1991,2.2198,-1.6852
1992,2.5109,3.6038
1993,-1.8226,3.5064
1994,-1.1926,1.5388
1995,0.2367,1.4774
1996,1.5727,3.8166
1997,-2.0922,4.9918
1998,3.1618,-1.0819
